name,has_combined_result,has_combined_embedding
LL1-B2B__2019-09-04_SPD__LL1-1_AgedB6-0396,True,True
LL1-B2B__2019-09-04_SPD__LL1-2_AgedB6-0394,True,True
LL1-B2B__2019-09-04_SPD__LL1-2_AgedB6-0686,True,True
LL1-B2B__2019-09-04_SPD__LL1-3_AgedB6-0404,True,True
LL1-B2B__2019-09-04_SPD__LL1-3_AgedB6-0687,True,True
LL1-B2B__2019-12-23_SPD__LL1-1_AgedB6-0301,True,True
LL1-B2B__2019-12-23_SPD__LL1-1_AgedB6-0306,True,True
LL1-B2B__2019-12-23_SPD__LL1-2_AgedB6-0302,True,True
LL1-B2B__2019-12-23_SPD__LL1-2_AgedB6-0307,True,True
LL1-B2B__2019-12-23_SPD__LL1-3_AgedB6-0288,True,True
LL1-B2B__2019-12-23_SPD__LL1-3_AgedB6-0308,True,True
LL1-B2B__2019-12-23_SPD__LL1-4_AgedB6-0318,True,True
LL1-B2B__2019-12-23_SPD__LL1-4_AgedB6-0541,True,True
LL1-B2B__2019-12-24_SPD__LL1-1_AgedB6-0420,True,True
LL1-B2B__2019-12-24_SPD__LL1-2_AgedB6-0426,True,True
LL1-B2B__2019-12-24_SPD__LL1-3_AgedB6-0521,True,True
LL1-B2B__2019-12-24_SPD__LL1-4_AgedB6-0528,True,True
LL1-B2B__2020-01-02_SPD__LL1-1_AgedB6-0737,True,True
LL1-B2B__2020-01-02_SPD__LL1-1_AgedB6-0744,True,True
LL1-B2B__2020-01-02_SPD__LL1-2_AgedB6-0738,True,True
LL1-B2B__2020-01-02_SPD__LL1-2_AgedB6-0747,True,True
LL1-B2B__2020-01-02_SPD__LL1-3_AgedB6-0745,True,True
LL1-B2B__2020-01-02_SPD__LL1-4_AgedB6-0746,True,True
LL1-B2B__2020-01-03_SPD__LL1-1_AgedB6-0852,True,True
LL1-B2B__2020-01-03_SPD__LL1-2_AgedB6-0853,True,True
LL1-B2B__2020-01-03_SPD__LL1-2_AgedB6-0875,True,True
LL1-B2B__2020-01-03_SPD__LL1-3_AgedB6-0854,True,True
LL1-B2B__2020-01-03_SPD__LL1-3_AgedB6-0876,True,True
LL1-B2B__2020-01-03_SPD__LL1-4_AgedB6-0855,True,True
LL1-B2B__2020-01-03_SPD__LL1-4_AgedB6-0877,True,True
LL1-B2B__2020-01-16_SPD__AgedB6-0890,True,True
LL1-B2B__2020-01-16_SPD__AgedB6-0891,True,True
LL1-B2B__2020-01-16_SPD__AgedB6-0892,True,True
LL1-B2B__2020-01-16_SPD__AgedB6-0893,True,True
LL1-B2B__2020-01-17_SPD__AgedB6-0310,True,True
LL1-B2B__2020-01-17_SPD__AgedB6-0312,True,True
LL1-B2B__2020-01-17_SPD__AgedB6-0391,True,True
LL1-B2B__2020-01-17_SPD__AgedB6-0407,True,True
LL1-B2B__2020-01-17_SPD__AgedB6-0882,True,True
LL1-B2B__2020-01-17_SPD__AgedB6-0883,True,True
LL1-B2B__2020-01-17_SPD__AgedB6-0884,True,True
LL1-B2B__2020-01-17_SPD__AgedB6-0885,True,True
LL1-B2B__2020-06-15_SPD__AgedB6-0739,True,True
LL1-B2B__2020-06-15_SPD__AgedB6-0740,True,True
LL1-B2B__2020-06-15_SPD__AgedB6-0741,True,True
LL1-B2B__2020-06-16_SPD__AgedB6-0409,True,True
LL1-B2B__2020-06-16_SPD__AgedB6-0410,True,True
LL1-B2B__2020-06-16_SPD__AgedB6-0411,True,True
LL1-B2B__2020-06-16_SPD__AgedB6-1043,True,True
LL1-B2B__2020-06-16_SPD__AgedB6-1120,True,True
LL1-B2B__2020-06-16_SPD__AgedB6-1121,True,True
LL1-B2B__2020-06-16_SPD__AgedB6-1122,True,True
LL1-B2B__2020-06-17_SPD__AgedB6-0420,True,True
LL1-B2B__2020-06-17_SPD__AgedB6-0426,True,True
LL1-B2B__2020-06-17_SPD__AgedB6-1049,True,True
LL1-B2B__2020-06-17_SPD__AgedB6-1050,True,True
LL1-B2B__2020-06-17_SPD__AgedB6-1051,True,True
LL1-B2B__2020-06-17_SPD__AgedB6-1052,True,True
LL1-B2B__2020-06-17_SPD__AgedB6-1160,True,True
LL1-B2B__2020-06-17_SPD__AgedB6-1161,True,True
LL1-B2B__2020-06-17_SPD__AgedB6-1162,True,True
LL1-B2B__2020-06-17_SPD__AgedB6-1167,True,True
LL1-B2B__2020-06-17_SPD__AgedB6-1187,True,True
LL1-B2B__2020-06-17_SPD__AgedB6-1188,True,True
LL1-B2B__2020-06-25_SPD__AgedB6-0665,True,True
LL1-B2B__2020-06-25_SPD__AgedB6-0666,True,True
LL1-B2B__2020-06-25_SPD__AgedB6-0667,True,True
LL1-B2B__2020-06-25_SPD__AgedB6-0668,True,True
LL1-B2B__2020-06-25_SPD__AgedB6-0889,True,True
LL1-B2B__2020-06-25_SPD__AgedB6-0918,True,True
LL1-B2B__2020-06-25_SPD__AgedB6-0922,True,True
LL1-B2B__2020-06-26_SPD__AgedB6-0890,True,True
LL1-B2B__2020-06-26_SPD__AgedB6-0891,True,True
LL1-B2B__2020-06-26_SPD__AgedB6-0893,True,True
LL1-B2B__2020-06-26_SPD__AgedB6-1204,True,True
LL1-B2B__2020-06-26_SPD__AgedB6-1205,True,True
LL1-B2B__2020-06-26_SPD__AgedB6-1247,True,True
LL1-B2B__2020-06-26_SPD__AgedB6-1249,True,True
LL1-B2B__2020-06-26_SPD__AgedB6-1251,True,True
LL1-B2B__2020-06-29_SPD__AgedB6-1143,True,True
LL1-B2B__2020-06-29_SPD__AgedB6-1144,True,True
LL1-B2B__2020-06-29_SPD__AgedB6-1145,True,True
LL1-B2B__2020-06-29_SPD__AgedB6-1146,True,True
LL1-B2B__2020-07-06_SPD__AgedB6-0447,True,True
LL1-B2B__2020-07-06_SPD__AgedB6-0448,True,True
LL1-B2B__2020-07-06_SPD__AgedB6-0449,True,True
LL1-B2B__2020-07-06_SPD__AgedB6-0451,True,True
LL1-B2B__2020-07-06_SPD__AgedB6-0842,True,True
LL1-B2B__2020-07-06_SPD__AgedB6-0844,True,True
LL1-B2B__2020-07-06_SPD__AgedB6-1236,True,True
LL1-B2B__2020-07-06_SPD__AgedB6-1237,True,True
LL1-B2B__2020-07-06_SPD__AgedB6-1238,True,True
LL1-B2B__2020-07-06_SPD__AgedB6-1239,True,True
LL1-B2B__2020-07-07_SPD__AgedB6-0856,True,True
LL1-B2B__2020-07-07_SPD__AgedB6-0940,True,True
LL1-B2B__2020-07-07_SPD__AgedB6-0941,True,True
LL1-B2B__2020-07-07_SPD__AgedB6-0942,True,True
LL1-B2B__2020-07-07_SPD__AgedB6-1252,True,True
LL1-B2B__2020-07-07_SPD__AgedB6-1253,True,True
LL1-B2B__2020-07-07_SPD__AgedB6-1254,True,True
LL1-B6__2021-06-01_SPD__AgedB6-0312,True,True
LL1-B6__2021-06-01_SPD__AgedB6-0414,True,True
LL1-B6__2021-06-01_SPD__AgedB6-0420,True,True
LL1-B6__2021-06-01_SPD__AgedB6-1471,True,True
LL1-B6__2021-06-01_SPD__AgedB6-1486,True,True
LL1-B6__2021-06-01_SPD__AgedB6-1487,True,True
LL1-B6__2021-06-02_SPD__AgedB6-2291,True,True
LL1-B6__2021-06-08_SPD__AgedB6-2258,True,True
LL1-B6__2021-06-08_SPD__AgedB6-2259,True,True
LL1-B6__2021-06-08_SPD__AgedB6-2260,True,True
LL1-B6__2021-06-08_SPD__AgedB6-2261,True,True
LL1-B6__2021-06-14_SPD__AgedB6-0670,True,True
LL1-B6__2021-06-14_SPD__AgedB6-0672,True,True
LL1-B6__2021-06-14_SPD__AgedB6-0673,True,True
LL1-B6__2021-06-15_SPD__AgedB6-2126,True,True
LL1-B6__2021-06-15_SPD__AgedB6-2128,True,True
LL1-B6__2021-06-16_SPD__AgedB6-0541,True,True
LL1-B6__2021-06-16_SPD__AgedB6-0542,True,True
LL1-B6__2021-06-16_SPD__AgedB6-0543,True,True
LL1-B6__2021-06-16_SPD__AgedB6-0546,True,True
LL1-B6__2022-05-13_MFS__DO1975_DO_F_8906,True,True
LL1-B6__2022-05-20_MFS__DO1953_DO_F_8892,True,True
LL1-B6__2022-05-20_MFS__DO1957_DO_F_8894,True,True
LL1-B6__2022-05-20_MFS__DO1958_DO_F_8895,True,True
LL1-B6__2023-07-06_MFS__DO2271_DO_F_25075,True,True
LL1-B6__2023-07-06_MFS__DO2272_DO_F_25076,True,True
LL1-B6__2023-07-06_MFS__DO2273_DO_F_25077,True,True
LL1-B6__2023-07-06_MFS__DO2274_DO_F_25078,True,True
LL1-B6__2023-07-06_MFS__DO2331_DO_M_25047,True,True
LL1-B6__2023-07-06_MFS__DO2332_DO_M_25048,True,True
LL1-B6__2023-07-06_MFS__DO2333_DO_M_25049,True,True
LL1-B6__2023-07-06_MFS__DO2334_DO_M_25050,True,True
LL1-B6__2023-07-10_MFS__DO2291_DO_F_25095,True,True
LL1-B6__2023-07-10_MFS__DO2292_DO_F_25096,True,True
LL1-B6__2023-07-10_MFS__DO2293_DO_F_25097,True,True
LL1-B6__2023-07-10_MFS__DO2294_DO_F_25098,True,True
LL1-B6__2023-07-10_MFS__DO2315_DO_F_25119,True,True
LL1-B6__2023-07-10_MFS__DO2316_DO_F_25120,True,True
LL1-B6__2023-07-10_MFS__DO2317_DO_F_25121,True,True
LL1-B6__2023-07-10_MFS__DO2318_DO_F_25122,True,True
LL2-B2B__2019-09-04_SPD__LL2-1_AgedB6-0403,True,True
LL2-B2B__2019-09-04_SPD__LL2-1_AgedB6-0689,True,True
LL2-B2B__2019-09-04_SPD__LL2-2_AgedB6-0386,True,True
LL2-B2B__2019-09-04_SPD__LL2-2_AgedB6-0690,True,True
LL2-B2B__2019-09-04_SPD__LL2-3_AgedB6-0373,True,True
LL2-B2B__2019-09-04_SPD__LL2-3_AgedB6-0691,True,True
LL2-B2B__2019-09-04_SPD__LL2-4_AgedB6-0374,True,True
LL2-B2B__2019-09-04_SPD__LL2-4_AgedB6-0692,True,True
LL2-B2B__2019-12-23_SPD__LL2-1_AgedB6-0324,True,True
LL2-B2B__2019-12-23_SPD__LL2-1_AgedB6-0542,True,True
LL2-B2B__2019-12-23_SPD__LL2-2_AgedB6-0325,True,True
LL2-B2B__2019-12-23_SPD__LL2-2_AgedB6-0543,True,True
LL2-B2B__2019-12-23_SPD__LL2-3_AgedB6-0546,True,True
LL2-B2B__2019-12-23_SPD__LL2-4_AgedB6-0547,True,True
LL2-B2B__2019-12-23_SPD__LL2-4_AgedB6-0666,True,True
LL2-B2B__2019-12-24_SPD__LL2-1_AgedB6-0532,True,True
LL2-B2B__2019-12-24_SPD__LL2-2_AgedB6-0534,True,True
LL2-B2B__2019-12-24_SPD__LL2-3_AgedB6-0533,True,True
LL2-B2B__2020-01-02_SPD__LL2-1_AgedB6-0750,True,True
LL2-B2B__2020-01-02_SPD__LL2-2_AgedB6-0675,True,True
LL2-B2B__2020-01-02_SPD__LL2-2_AgedB6-0751,True,True
LL2-B2B__2020-01-02_SPD__LL2-3_AgedB6-0676,True,True
LL2-B2B__2020-01-02_SPD__LL2-3_AgedB6-0752,True,True
LL2-B2B__2020-01-02_SPD__LL2-4_AgedB6-0677,True,True
LL2-B2B__2020-01-03_SPD__LL2-1_AgedB6-0856,True,True
LL2-B2B__2020-01-03_SPD__LL2-1_AgedB6-0878,True,True
LL2-B2B__2020-01-03_SPD__LL2-2_AgedB6-0857,True,True
LL2-B2B__2020-01-03_SPD__LL2-2_AgedB6-0879,True,True
LL2-B2B__2020-01-03_SPD__LL2-3_AgedB6-0858,True,True
LL2-B2B__2020-01-03_SPD__LL2-4_AgedB6-0867,True,True
LL2-B2B__2020-01-16_SPD__AgedB6-0896,True,True
LL2-B2B__2020-01-16_SPD__AgedB6-0897,True,True
LL2-B2B__2020-01-16_SPD__AgedB6-0898,True,True
LL2-B2B__2020-01-16_SPD__AgedB6-0899,True,True
LL2-B2B__2020-01-17_SPD__AgedB6-0886,True,True
LL2-B2B__2020-01-17_SPD__AgedB6-0887,True,True
LL2-B2B__2020-01-17_SPD__AgedB6-0888,True,True
LL2-B2B__2020-01-17_SPD__AgedB6-0889,True,True
LL2-B2B__2020-01-17_SPD__AgedB6-0940,True,True
LL2-B2B__2020-01-17_SPD__AgedB6-0941,True,True
LL2-B2B__2020-01-17_SPD__AgedB6-0942,True,True
LL2-B2B__2020-01-17_SPD__AgedB6-0943,True,True
LL2-B2B__2020-06-15_SPD__AgedB6-0743,True,True
LL2-B2B__2020-06-15_SPD__AgedB6-0747,True,True
LL2-B2B__2020-06-15_SPD__AgedB6-0748,True,True
LL2-B2B__2020-06-15_SPD__AgedB6-0754,True,True
LL2-B2B__2020-06-16_SPD__AgedB6-0413,True,True
LL2-B2B__2020-06-16_SPD__AgedB6-0414,True,True
LL2-B2B__2020-06-16_SPD__AgedB6-0737,True,True
LL2-B2B__2020-06-16_SPD__AgedB6-0738,True,True
LL2-B2B__2020-06-16_SPD__AgedB6-1123,True,True
LL2-B2B__2020-06-16_SPD__AgedB6-1125,True,True
LL2-B2B__2020-06-16_SPD__AgedB6-1126,True,True
LL2-B2B__2020-06-16_SPD__AgedB6-1127,True,True
LL2-B2B__2020-06-17_SPD__AgedB6-1056,True,True
LL2-B2B__2020-06-17_SPD__AgedB6-1168,True,True
LL2-B2B__2020-06-17_SPD__AgedB6-1169,True,True
LL2-B2B__2020-06-17_SPD__AgedB6-1170,True,True
LL2-B2B__2020-06-17_SPD__AgedB6-1171,True,True
LL2-B2B__2020-06-17_SPD__AgedB6-1189,True,True
LL2-B2B__2020-06-17_SPD__AgedB6-1190,True,True
LL2-B2B__2020-06-17_SPD__AgedB6-1191,True,True
LL2-B2B__2020-06-17_SPD__AgedB6-1192,True,True
LL2-B2B__2020-06-25_SPD__AgedB6-0437,True,True
LL2-B2B__2020-06-25_SPD__AgedB6-0438,True,True
LL2-B2B__2020-06-25_SPD__AgedB6-0439,True,True
LL2-B2B__2020-06-25_SPD__AgedB6-0669,True,True
LL2-B2B__2020-06-25_SPD__AgedB6-0670,True,True
LL2-B2B__2020-06-25_SPD__AgedB6-0671,True,True
LL2-B2B__2020-06-25_SPD__AgedB6-0672,True,True
LL2-B2B__2020-06-25_SPD__AgedB6-0924,True,True
LL2-B2B__2020-06-26_SPD__AgedB6-0896,True,True
LL2-B2B__2020-06-26_SPD__AgedB6-0898,True,True
LL2-B2B__2020-06-26_SPD__AgedB6-0899,True,True
LL2-B2B__2020-06-26_SPD__AgedB6-1206,True,True
LL2-B2B__2020-06-26_SPD__AgedB6-1207,True,True
LL2-B2B__2020-06-26_SPD__AgedB6-1208,True,True
LL2-B2B__2020-06-26_SPD__AgedB6-1209,True,True
LL2-B2B__2020-06-26_SPD__AgedB6-1260,True,True
LL2-B2B__2020-06-26_SPD__AgedB6-1266,True,True
LL2-B2B__2020-06-26_SPD__AgedB6-1267,True,True
LL2-B2B__2020-06-26_SPD__AgedB6-1268,True,True
LL2-B2B__2020-06-29_SPD__AgedB6-1147,True,True
LL2-B2B__2020-06-29_SPD__AgedB6-1148,True,True
LL2-B2B__2020-06-29_SPD__AgedB6-1153,True,True
LL2-B2B__2020-06-29_SPD__AgedB6-1154,True,True
LL2-B2B__2020-07-06_SPD__AgedB6-0453,True,True
LL2-B2B__2020-07-06_SPD__AgedB6-0454,True,True
LL2-B2B__2020-07-06_SPD__AgedB6-0846,True,True
LL2-B2B__2020-07-06_SPD__AgedB6-0849,True,True
LL2-B2B__2020-07-06_SPD__AgedB6-0850,True,True
LL2-B2B__2020-07-06_SPD__AgedB6-0851,True,True
LL2-B2B__2020-07-06_SPD__AgedB6-1057,True,True
LL2-B2B__2020-07-06_SPD__AgedB6-1240,True,True
LL2-B2B__2020-07-06_SPD__AgedB6-1241,True,True
LL2-B2B__2020-07-06_SPD__AgedB6-1243,True,True
LL2-B2B__2020-07-07_SPD__AgedB6-0943,True,True
LL2-B2B__2020-07-07_SPD__AgedB6-0948,True,True
LL2-B2B__2020-07-07_SPD__AgedB6-1255,True,True
LL2-B6%202023-07-10_MFS%20DO2296_DO_F_25100,True,True
LL2-B6__2021-06-01_SPD__AgedB6-0426,True,True
LL2-B6__2021-06-01_SPD__AgedB6-0528,True,True
LL2-B6__2021-06-01_SPD__AgedB6-0532,True,True
LL2-B6__2021-06-01_SPD__AgedB6-0534,True,True
LL2-B6__2021-06-01_SPD__AgedB6-1488,True,True
LL2-B6__2021-06-01_SPD__AgedB6-1489,True,True
LL2-B6__2021-06-01_SPD__AgedB6-1491,True,True
LL2-B6__2021-06-02_SPD__AgedB6-1430,True,True
LL2-B6__2021-06-02_SPD__AgedB6-1565,True,True
LL2-B6__2021-06-07_SPD__AgedB6-1408,True,True
LL2-B6__2021-06-08_SPD__AgedB6-2262,True,True
LL2-B6__2021-06-08_SPD__AgedB6-2263,True,True
LL2-B6__2021-06-08_SPD__AgedB6-2269,True,True
LL2-B6__2021-06-09_SPD__AgedB6-2259,True,False
LL2-B6__2021-06-14_SPD__AgedB6-0682,True,True
LL2-B6__2021-06-14_SPD__AgedB6-0683,True,True
LL2-B6__2021-06-15_SPD__AgedB6-2132,True,True
LL2-B6__2021-06-15_SPD__AgedB6-2168,True,True
LL2-B6__2021-06-16_SPD__AgedB6-0547,True,True
LL2-B6__2022-04-29_MFS__DO2026_DO_F_8937,True,True
LL2-B6__2022-04-29_MFS__DO2027_DO_F_8938,True,True
LL2-B6__2022-05-13_MFS__DO1979_DO_F_8907,True,True
LL2-B6__2022-05-13_MFS__DO1980_DO_F_8908,True,True
LL2-B6__2022-05-13_MFS__DO1982_DO_F_8909,True,True
LL2-B6__2023-07-06_MFS__DO2275_DO_F_25079,True,True
LL2-B6__2023-07-06_MFS__DO2277_DO_F_25081,True,True
LL2-B6__2023-07-06_MFS__DO2278_DO_F_25082,True,True
LL2-B6__2023-07-06_MFS__DO2335_DO_M_25051,True,True
LL2-B6__2023-07-06_MFS__DO2338_DO_M_25054,True,True
LL2-B6__2023-07-10_MFS__DO2295_DO_F_25099,True,True
LL2-B6__2023-07-10_MFS__DO2297_DO_F_25101,True,True
LL2-B6__2023-07-10_MFS__DO2298_DO_F_25102,True,True
LL2-B6__2023-07-10_MFS__DO2319_DO_F_25123,True,True
LL2-B6__2023-07-10_MFS__DO2320_DO_F_25124,True,True
LL2-B6__2023-07-10_MFS__DO2321_DO_F_25125,True,True
LL2-B6__2023-07-10_MFS__DO2322_DO_F_25126,True,True
LL3-B2B__2019-09-04_SPD__LL3-1_AgedB6-0375,True,True
LL3-B2B__2019-09-04_SPD__LL3-1_AgedB6-0576,True,True
LL3-B2B__2019-09-04_SPD__LL3-2_AgedB6-0376,True,True
LL3-B2B__2019-09-04_SPD__LL3-2_AgedB6-0577,True,True
LL3-B2B__2019-09-04_SPD__LL3-3_AgedB6-0377,True,True
LL3-B2B__2019-09-04_SPD__LL3-4_AgedB6-0378,True,True
LL3-B2B__2019-09-04_SPD__LL3-4_AgedB6-0579,True,True
LL3-B2B__2019-12-23_SPD__LL3-1_AgedB6-0667,True,True
LL3-B2B__2019-12-23_SPD__LL3-2_AgedB6-0448,True,True
LL3-B2B__2019-12-23_SPD__LL3-2_AgedB6-0668,True,True
LL3-B2B__2019-12-23_SPD__LL3-3_AgedB6-0449,True,True
LL3-B2B__2019-12-23_SPD__LL3-3_AgedB6-0669,True,True
LL3-B2B__2019-12-23_SPD__LL3-4_AgedB6-0450,True,True
LL3-B2B__2019-12-23_SPD__LL3-4_AgedB6-0670,True,True
LL3-B2B__2020-01-02_SPD__LL3-2_AgedB6-0679,True,True
LL3-B2B__2020-01-02_SPD__LL3-2_AgedB6-0756,True,True
LL3-B2B__2020-01-02_SPD__LL3-4_AgedB6-0681,True,True
LL3-B2B__2020-01-02_SPD__LL3-4_AgedB6-0842,True,True
LL3-B2B__2020-01-03_SPD__LL3-1_AgedB6-0860,True,True
LL3-B2B__2020-01-03_SPD__LL3-1_AgedB6-0868,True,True
LL3-B2B__2020-01-03_SPD__LL3-2_AgedB6-0861,True,True
LL3-B2B__2020-01-03_SPD__LL3-2_AgedB6-0869,True,True
LL3-B2B__2020-01-03_SPD__LL3-3_AgedB6-0862,True,True
LL3-B2B__2020-01-03_SPD__LL3-3_AgedB6-0870,True,True
LL3-B2B__2020-01-03_SPD__LL3-4_AgedB6-0863,True,True
LL3-B2B__2020-01-03_SPD__LL3-4_AgedB6-0871,True,True
LL3-B2B__2020-01-16_SPD__LL3-1_AgedB6-0909,True,True
LL3-B2B__2020-01-16_SPD__LL3-2_AgedB6-0911,True,True
LL3-B2B__2020-01-16_SPD__LL3-3_AgedB6-0912,True,True
LL3-B2B__2020-01-16_SPD__LL3-4_AgedB6-0913,True,True
LL3-B2B__2020-01-17_SPD__LL3-1_AgedB6-0901,True,True
LL3-B2B__2020-01-17_SPD__LL3-2_AgedB6-0902,True,True
LL3-B2B__2020-01-17_SPD__LL3-3_AgedB6-0903,True,True
LL3-B2B__2020-01-17_SPD__LL3-4_AgedB6-0904,True,True
LL3-B2B__2020-01-17_SPD__LL3-4_AgedB6-0954,True,True
LL3-B2B__2020-06-15_SPD__AgedB6-0857,True,True
LL3-B2B__2020-06-15_SPD__AgedB6-0858,True,True
LL3-B2B__2020-06-15_SPD__AgedB6-0861,True,True
LL3-B2B__2020-06-15_SPD__AgedB6-1299,True,True
LL3-B2B__2020-06-16_SPD__AgedB6-0745,True,True
LL3-B2B__2020-06-16_SPD__AgedB6-0746,True,True
LL3-B2B__2020-06-16_SPD__AgedB6-0750,True,True
LL3-B2B__2020-06-16_SPD__AgedB6-0751,True,True
LL3-B2B__2020-06-16_SPD__AgedB6-1124,True,True
LL3-B2B__2020-06-16_SPD__AgedB6-1131,True,True
LL3-B2B__2020-06-16_SPD__AgedB6-1132,True,True
LL3-B2B__2020-06-16_SPD__AgedB6-1133,True,True
LL3-B2B__2020-06-17_SPD__AgedB6-1164,True,True
LL3-B2B__2020-06-17_SPD__AgedB6-1165,True,True
LL3-B2B__2020-06-17_SPD__AgedB6-1177,True,True
LL3-B2B__2020-06-17_SPD__AgedB6-1179,True,True
LL3-B2B__2020-06-17_SPD__AgedB6-1181,True,True
LL3-B2B__2020-06-17_SPD__AgedB6-1193,True,True
LL3-B2B__2020-06-17_SPD__AgedB6-1194,True,True
LL3-B2B__2020-06-25_SPD__AgedB6-0440,True,True
LL3-B2B__2020-06-25_SPD__AgedB6-0441,True,True
LL3-B2B__2020-06-25_SPD__AgedB6-0442,True,True
LL3-B2B__2020-06-25_SPD__AgedB6-0443,True,True
LL3-B2B__2020-06-25_SPD__AgedB6-0673,True,True
LL3-B2B__2020-06-25_SPD__AgedB6-0674,True,True
LL3-B2B__2020-06-25_SPD__AgedB6-1140,True,True
LL3-B2B__2020-06-25_SPD__AgedB6-1141,True,True
LL3-B2B__2020-06-26_SPD__AgedB6-1212,True,True
LL3-B2B__2020-06-26_SPD__AgedB6-1220,True,True
LL3-B2B__2020-06-26_SPD__AgedB6-1221,True,True
LL3-B2B__2020-06-26_SPD__AgedB6-1222,True,True
LL3-B2B__2020-06-26_SPD__AgedB6-1223,True,True
LL3-B2B__2020-06-26_SPD__AgedB6-1269,True,True
LL3-B2B__2020-06-26_SPD__AgedB6-1270,True,True
LL3-B2B__2020-06-26_SPD__AgedB6-1275,True,True
LL3-B2B__2020-06-29_SPD__AgedB6-1064,True,True
LL3-B2B__2020-06-29_SPD__AgedB6-1067,True,True
LL3-B2B__2020-06-29_SPD__AgedB6-1158,True,True
LL3-B2B__2020-06-29_SPD__AgedB6-1159,True,True
LL3-B2B__2020-07-06_SPD__AgedB6-0541,True,True
LL3-B2B__2020-07-06_SPD__AgedB6-0542,True,True
LL3-B2B__2020-07-06_SPD__AgedB6-0543,True,True
LL3-B2B__2020-07-06_SPD__AgedB6-0546,True,True
LL3-B2B__2020-07-06_SPD__AgedB6-1058,True,True
LL3-B2B__2020-07-06_SPD__AgedB6-1059,True,True
LL3-B2B__2020-07-06_SPD__AgedB6-1060,True,True
LL3-B2B__2020-07-06_SPD__AgedB6-1061,True,True
LL3-B2B__2020-07-07_SPD__AgedB6-0432,True,True
LL3-B2B__2020-07-07_SPD__AgedB6-0955,True,True
LL3-B2B__2020-07-07_SPD__AgedB6-1036,True,True
LL3-B2B__2020-07-07_SPD__AgedB6-1214,True,True
LL3-B2B__2020-07-07_SPD__AgedB6-1215,True,True
LL3-B2B__2020-07-07_SPD__AgedB6-1216,True,True
LL3-B6%202023-07-06_MFS%20DO2340_DO_M_25056,True,True
LL3-B6%202023-07-10_MFS%20DO2324_DO_F_25128,True,True
LL3-B6__2021-06-01_SPD__AgedB6-1418,True,True
LL3-B6__2021-06-01_SPD__AgedB6-1523,True,True
LL3-B6__2021-06-01_SPD__AgedB6-1525,True,True
LL3-B6__2021-06-01_SPD__AgedB6-1531,True,True
LL3-B6__2021-06-07_SPD__AgedB6-1409,True,True
LL3-B6__2021-06-07_SPD__AgedB6-1410,True,True
LL3-B6__2021-06-08_SPD__AgedB6-2203,True,True
LL3-B6__2021-06-08_SPD__AgedB6-2271,True,True
LL3-B6__2021-06-08_SPD__AgedB6-2272,True,True
LL3-B6__2021-06-08_SPD__AgedB6-2273,True,True
LL3-B6__2021-06-08_SPD__AgedB6-2274,True,True
LL3-B6__2021-06-09_SPD__AgedB6-2288,True,True
LL3-B6__2022-04-29_MFS__DO2028_DO_F_8939,True,True
LL3-B6__2022-04-29_MFS__DO2029_DO_F_8940,True,True
LL3-B6__2022-04-29_MFS__DO2030_DO_F_8941,True,True
LL3-B6__2022-05-06_MFS__DO2116_DO_F_8972,True,True
LL3-B6__2022-05-06_MFS__DO2117_DO_F_8973,True,True
LL3-B6__2022-05-06_MFS__DO2118_DO_F_8974,True,True
LL3-B6__2022-05-06_MFS__DO2119_DO_F_8975,True,True
LL3-B6__2023-07-06_MFS__DO2279_DO_F_25083,True,True
LL3-B6__2023-07-06_MFS__DO2281_DO_F_25085,True,True
LL3-B6__2023-07-06_MFS__DO2282_DO_F_25086,True,True
LL3-B6__2023-07-06_MFS__DO2342_DO_M_25057,True,True
LL3-B6__2023-07-06_MFS__DO2343_DO_M_25058,True,True
LL3-B6__2023-07-10_MFS__DO2299_DO_F_25103,True,True
LL3-B6__2023-07-10_MFS__DO2300_DO_F_25104,True,True
LL3-B6__2023-07-10_MFS__DO2301_DO_F_25105,True,True
LL3-B6__2023-07-10_MFS__DO2302_DO_F_25106,True,True
LL3-B6__2023-07-10_MFS__DO2323_DO_F_25127,True,True
LL3-B6__2023-07-10_MFS__DO2325_DO_F_25129,True,True
LL3-B6__2023-07-10_MFS__DO2326_DO_F_25130,True,True
LL4-B2B__2019-09-04_SPD__LL4-1_AgedB6-0388,True,True
LL4-B2B__2019-09-04_SPD__LL4-1_AgedB6-0624,True,True
LL4-B2B__2019-09-04_SPD__LL4-2_AgedB6-0437,True,True
LL4-B2B__2019-09-04_SPD__LL4-2_AgedB6-0625,True,True
LL4-B2B__2019-09-04_SPD__LL4-3_AgedB6-0255,True,False
LL4-B2B__2019-09-04_SPD__LL4-3_AgedB6-0438,True,True
LL4-B2B__2019-09-04_SPD__LL4-3_AgedB6-0626,True,True
LL4-B2B__2019-09-04_SPD__LL4-4_AgedB6-0256,True,False
LL4-B2B__2019-09-04_SPD__LL4-4_AgedB6-0439,True,True
LL4-B2B__2019-09-04_SPD__LL4-4_AgedB6-0627,True,True
LL4-B2B__2019-12-23_SPD__LL4-1_AgedB6-0451,True,True
LL4-B2B__2019-12-23_SPD__LL4-1_AgedB6-0671,True,True
LL4-B2B__2019-12-23_SPD__LL4-2_AgedB6-0452,True,True
LL4-B2B__2019-12-23_SPD__LL4-2_AgedB6-0672,True,True
LL4-B2B__2019-12-23_SPD__LL4-3_AgedB6-0453,True,True
LL4-B2B__2019-12-23_SPD__LL4-3_AgedB6-0673,True,True
LL4-B2B__2019-12-23_SPD__LL4-4_AgedB6-0454,True,True
LL4-B2B__2019-12-23_SPD__LL4-4_AgedB6-0674,True,True
LL4-B2B__2019-12-24_SPD__LL4-1_AgedB6-0539,True,True
LL4-B2B__2019-12-24_SPD__LL4-2_AgedB6-0409,True,True
LL4-B2B__2019-12-24_SPD__LL4-3_AgedB6-0410,True,True
LL4-B2B__2019-12-24_SPD__LL4-4_AgedB6-0411,True,True
LL4-B2B__2020-01-02_SPD__LL4-1_AgedB6-0682,True,True
LL4-B2B__2020-01-02_SPD__LL4-2_AgedB6-0683,True,True
LL4-B2B__2020-01-02_SPD__LL4-2_AgedB6-0844,True,True
LL4-B2B__2020-01-02_SPD__LL4-3_AgedB6-0684,True,True
LL4-B2B__2020-01-02_SPD__LL4-3_AgedB6-0845,True,True
LL4-B2B__2020-01-02_SPD__LL4-4_AgedB6-0846,True,True
LL4-B2B__2020-01-03_SPD__LL4-1_AgedB6-0864,True,True
LL4-B2B__2020-01-03_SPD__LL4-1_AgedB6-0874,True,True
LL4-B2B__2020-01-03_SPD__LL4-2_AgedB6-0865,True,True
LL4-B2B__2020-01-03_SPD__LL4-2_AgedB6-0873,True,True
LL4-B2B__2020-01-03_SPD__LL4-3_AgedB6-0866,True,True
LL4-B2B__2020-01-03_SPD__LL4-3_AgedB6-0872,True,True
LL4-B2B__2020-01-16_SPD__LL4-1_AgedB6-0914,True,True
LL4-B2B__2020-01-16_SPD__LL4-3_AgedB6-0916,True,True
LL4-B2B__2020-01-17_SPD__LL4-1_AgedB6-0905,True,True
LL4-B2B__2020-01-17_SPD__LL4-1_AgedB6-0955,True,True
LL4-B2B__2020-01-17_SPD__LL4-2_AgedB6-0907,True,True
LL4-B2B__2020-01-17_SPD__LL4-2_AgedB6-1036,True,True
LL4-B2B__2020-01-17_SPD__LL4-3_AgedB6-0908,True,True
LL4-B2B__2020-01-17_SPD__LL4-3_AgedB6-0937,True,True
LL4-B2B__2020-01-17_SPD__LL4-4_AgedB6-0422,True,True
LL4-B2B__2020-06-15_SPD__AgedB6-0863,True,True
LL4-B2B__2020-06-15_SPD__AgedB6-0864,True,True
LL4-B2B__2020-06-15_SPD__AgedB6-0865,True,True
LL4-B2B__2020-06-15_SPD__AgedB6-1286,True,True
LL4-B2B__2020-06-16_SPD__AgedB6-0752,True,True
LL4-B2B__2020-06-16_SPD__AgedB6-0753,True,True
LL4-B2B__2020-06-16_SPD__AgedB6-0755,True,True
LL4-B2B__2020-06-16_SPD__AgedB6-0756,True,True
LL4-B2B__2020-06-16_SPD__AgedB6-1128,True,True
LL4-B2B__2020-06-16_SPD__AgedB6-1129,True,True
LL4-B2B__2020-06-16_SPD__AgedB6-1130,True,True
LL4-B2B__2020-06-16_SPD__AgedB6-1134,True,True
LL4-B2B__2020-06-17_SPD__AgedB6-1166,True,True
LL4-B2B__2020-06-17_SPD__AgedB6-1172,True,True
LL4-B2B__2020-06-17_SPD__AgedB6-1173,True,True
LL4-B2B__2020-06-17_SPD__AgedB6-1174,True,True
LL4-B2B__2020-06-17_SPD__AgedB6-1182,True,True
LL4-B2B__2020-06-17_SPD__AgedB6-1183,True,True
LL4-B2B__2020-06-17_SPD__AgedB6-1184,True,True
LL4-B2B__2020-06-17_SPD__AgedB6-1185,True,True
LL4-B2B__2020-06-25_SPD__AgedB6-0445,True,True
LL4-B2B__2020-06-25_SPD__AgedB6-0446,True,True
LL4-B2B__2020-06-25_SPD__AgedB6-1142,True,True
LL4-B2B__2020-06-25_SPD__AgedB6-1149,True,True
LL4-B2B__2020-06-25_SPD__AgedB6-1150,True,True
LL4-B2B__2020-06-25_SPD__AgedB6-1151,True,True
LL4-B2B__2020-06-25_SPD__AgedB6-1195,True,True
LL4-B2B__2020-06-26_SPD__AgedB6-1225,True,True
LL4-B2B__2020-06-26_SPD__AgedB6-1227,True,True
LL4-B2B__2020-06-26_SPD__AgedB6-1228,True,True
LL4-B2B__2020-06-26_SPD__AgedB6-1229,True,True
LL4-B2B__2020-06-26_SPD__AgedB6-1261,True,True
LL4-B2B__2020-06-26_SPD__AgedB6-1262,True,True
LL4-B2B__2020-06-26_SPD__AgedB6-1276,True,True
LL4-B2B__2020-06-26_SPD__AgedB6-1278,True,True
LL4-B2B__2020-06-29_SPD__AgedB6-1070,True,True
LL4-B2B__2020-06-29_SPD__AgedB6-1071,True,True
LL4-B2B__2020-06-29_SPD__AgedB6-1072,True,True
LL4-B2B__2020-07-06_SPD__AgedB6-0534,True,True
LL4-B2B__2020-07-06_SPD__AgedB6-0538,True,True
LL4-B2B__2020-07-06_SPD__AgedB6-0539,True,True
LL4-B2B__2020-07-06_SPD__AgedB6-0547,True,True
LL4-B2B__2020-07-06_SPD__AgedB6-0675,True,True
LL4-B2B__2020-07-06_SPD__AgedB6-0937,True,True
LL4-B2B__2020-07-06_SPD__AgedB6-0938,True,True
LL4-B2B__2020-07-06_SPD__AgedB6-0939,True,True
LL4-B2B__2020-07-06_SPD__AgedB6-1062,True,True
LL4-B2B__2020-07-06_SPD__AgedB6-1063,True,True
LL4-B2B__2020-07-06_SPD__AgedB6-1280,True,True
LL4-B2B__2020-07-06_SPD__AgedB6-1281,True,True
LL4-B2B__2020-07-07_SPD__AgedB6-0433,True,True
LL4-B2B__2020-07-07_SPD__AgedB6-0434,True,True
LL4-B2B__2020-07-07_SPD__AgedB6-0456,True,True
LL4-B2B__2020-07-07_SPD__AgedB6-0457,True,True
LL4-B2B__2020-07-07_SPD__AgedB6-0839,True,True
LL4-B2B__2020-07-07_SPD__AgedB6-1217,True,True
LL4-B2B__2020-07-07_SPD__AgedB6-1218,True,True
LL4-B2B__2020-07-07_SPD__AgedB6-1219,True,True
LL4-B6__2021-06-07_SPD__AgedB6-1416,True,True
LL4-B6__2021-06-07_SPD__AgedB6-1459,True,True
LL4-B6__2021-06-07_SPD__AgedB6-1460,True,True
LL4-B6__2021-06-07_SPD__AgedB6-1461,True,True
LL4-B6__2021-06-08_SPD__AgedB6-2206,True,True
LL4-B6__2021-06-08_SPD__AgedB6-2207,True,True
LL4-B6__2021-06-08_SPD__AgedB6-2208,True,True
LL4-B6__2021-06-08_SPD__AgedB6-2209,True,True
LL4-B6__2021-06-08_SPD__AgedB6-2275,True,True
LL4-B6__2021-06-08_SPD__AgedB6-2276,True,True
LL4-B6__2021-06-08_SPD__AgedB6-2277,True,True
LL4-B6__2021-06-14_SPD__AgedB6-2054,True,True
LL4-B6__2021-06-15_SPD__AgedB6-2179,True,True
LL4-B6__2022-05-06_MFS__DO2007_DO_F_8928,True,True
LL4-B6__2022-05-06_MFS__DO2008_DO_F_8929,True,True
LL4-B6__2022-05-06_MFS__DO2012_DO_F_8930,True,True
LL4-B6__2022-05-06_MFS__DO2122_DO_F_8977,True,True
LL4-B6__2022-05-13_MFS__DO2139_DO_F_8989,True,True
LL4-B6__2022-06-22_MFS__DO2034_DO_F_8945,True,True
LL4-B6__2022-06-22_MFS__DO2035_DO_F_8946,True,True
LL4-B6__2022-06-22_MFS__DO2036_DO_F_8947,True,True
LL4-B6__2022-06-22_MFS__DO2037_DO_F_8948,True,True
LL4-B6__2023-07-06_MFS__DO2344_DO_M_25059,True,True
LL4-B6__2023-07-06_MFS__DO2345_DO_M_25060,True,True
LL4-B6__2023-07-06_MFS__DO2346_DO_M_25061,True,True
LL4-B6__2023-07-06_MFS__DO2347_DO_M_25062,True,True
LL4-B6__2023-07-10_MFS__DO2304_DO_F_25108,True,True
LL4-B6__2023-07-10_MFS__DO2305_DO_F_25109,True,True
LL4-B6__2023-07-10_MFS__DO2306_DO_F_25110,True,True
LL4-B6__2023-07-10_MFS__DO2327_DO_F_25131,True,True
LL4-B6__2023-07-10_MFS__DO2328_DO_F_25132,True,True
LL4-B6__2023-07-10_MFS__DO2329_DO_F_25133,True,True
LL4-B6__2023-07-10_MFS__DO2330_DO_F_25134,True,True
LL5-B2B__2019-09-04_SPD__LL5-1_AgedB6-0440,True,True
LL5-B2B__2019-09-04_SPD__LL5-1_AgedB6-0628,True,True
LL5-B2B__2019-09-04_SPD__LL5-2_AgedB6-0441,True,True
LL5-B2B__2019-09-04_SPD__LL5-2_AgedB6-0472,True,True
LL5-B2B__2019-09-04_SPD__LL5-3_AgedB6-0442,True,True
LL5-B2B__2019-09-04_SPD__LL5-4_AgedB6-0474,True,True
LL5-B2B__2019-12-23_SPD__LL5-1_AgedB6-0427,True,True
LL5-B2B__2019-12-23_SPD__LL5-1_AgedB6-0455,True,True
LL5-B2B__2019-12-23_SPD__LL5-2_AgedB6-0456,True,True
LL5-B2B__2019-12-23_SPD__LL5-3_AgedB6-0429,True,True
LL5-B2B__2019-12-23_SPD__LL5-3_AgedB6-0457,True,True
LL5-B2B__2019-12-23_SPD__LL5-4_AgedB6-0430,True,False
LL5-B2B__2019-12-23_SPD__LL5-4_AgedB6-0458,True,True
LL5-B2B__2019-12-24_SPD__LL5-1_AgedB6-0412,True,True
LL5-B2B__2019-12-24_SPD__LL5-3_AgedB6-0414,True,True
LL5-B2B__2019-12-24_SPD__LL5-4_AgedB6-0415,True,True
LL5-B2B__2020-01-02_SPD__LL5-1_AgedB6-0849,True,True
LL5-B2B__2020-01-02_SPD__LL5-2_AgedB6-0850,True,True
LL5-B2B__2020-01-02_SPD__LL5-3_AgedB6-0851,True,True
LL5-B2B__2020-01-02_SPD__LL5-4_AgedB6-0739,True,True
LL5-B2B__2020-01-03_SPD__LL5-4_AgedB6-0839,True,True
LL5-B2B__2020-01-16_SPD__LL5-1_AgedB6-0918,True,True
LL5-B2B__2020-01-16_SPD__LL5-3_AgedB6-0921,True,True
LL5-B2B__2020-01-17_SPD__LL5-1_AgedB6-0939,True,True
LL5-B2B__2020-01-17_SPD__LL5-3_AgedB6-0928,True,True
LL5-B2B__2020-01-17_SPD__LL5-3_AgedB6-0945,True,True
LL5-B2B__2020-01-17_SPD__LL5-4_AgedB6-0929,True,True
LL5-B2B__2020-01-17_SPD__LL5-4_AgedB6-0946,True,True
LL5-B2B__2020-06-15_SPD__AgedB6-1287,True,True
LL5-B2B__2020-06-15_SPD__AgedB6-1288,True,True
LL5-B2B__2020-06-15_SPD__AgedB6-1289,True,True
LL5-B2B__2020-06-15_SPD__AgedB6-1290,True,True
LL5-B2B__2020-06-16_SPD__AgedB6-0391,True,True
LL5-B2B__2020-06-16_SPD__AgedB6-0407,True,True
LL5-B2B__2020-06-16_SPD__AgedB6-1037,True,True
LL5-B2B__2020-06-16_SPD__AgedB6-1038,True,True
LL5-B2B__2020-06-16_SPD__AgedB6-1135,True,True
LL5-B2B__2020-06-16_SPD__AgedB6-1136,True,True
LL5-B2B__2020-06-16_SPD__AgedB6-1137,True,True
LL5-B2B__2020-06-16_SPD__AgedB6-1138,True,True
LL5-B2B__2020-06-17_SPD__AgedB6-0394,True,True
LL5-B2B__2020-06-17_SPD__AgedB6-1044,True,True
LL5-B2B__2020-06-17_SPD__AgedB6-1175,True,True
LL5-B2B__2020-06-17_SPD__AgedB6-1176,True,True
LL5-B2B__2020-06-17_SPD__AgedB6-1178,True,True
LL5-B2B__2020-06-17_SPD__AgedB6-1293,True,True
LL5-B2B__2020-06-17_SPD__AgedB6-1294,True,True
LL5-B2B__2020-06-17_SPD__AgedB6-1295,True,True
LL5-B2B__2020-06-25_SPD__AgedB6-1155,True,True
LL5-B2B__2020-06-25_SPD__AgedB6-1156,True,True
LL5-B2B__2020-06-25_SPD__AgedB6-1157,True,True
LL5-B2B__2020-06-25_SPD__AgedB6-1196,True,True
LL5-B2B__2020-06-25_SPD__AgedB6-1197,True,True
LL5-B2B__2020-06-25_SPD__AgedB6-1198,True,True
LL5-B2B__2020-06-26_SPD__AgedB6-1230,True,True
LL5-B2B__2020-06-26_SPD__AgedB6-1231,True,True
LL5-B2B__2020-06-26_SPD__AgedB6-1232,True,True
LL5-B2B__2020-06-26_SPD__AgedB6-1233,True,True
LL5-B2B__2020-06-26_SPD__AgedB6-1263,True,True
LL5-B2B__2020-06-26_SPD__AgedB6-1264,True,True
LL5-B2B__2020-06-26_SPD__AgedB6-1265,True,True
LL5-B2B__2020-06-26_SPD__AgedB6-1272,True,True
LL5-B2B__2020-06-29_SPD__AgedB6-1074,True,True
LL5-B2B__2020-06-29_SPD__AgedB6-1075,True,True
LL5-B2B__2020-06-29_SPD__AgedB6-1076,True,True
LL5-B2B__2020-07-06_SPD__AgedB6-0676,True,True
LL5-B2B__2020-07-06_SPD__AgedB6-0677,True,True
LL5-B2B__2020-07-06_SPD__AgedB6-0678,True,True
LL5-B2B__2020-07-06_SPD__AgedB6-0679,True,True
LL5-B2B__2020-07-06_SPD__AgedB6-0944,True,True
LL5-B2B__2020-07-06_SPD__AgedB6-0946,True,True
LL5-B2B__2020-07-06_SPD__AgedB6-0947,True,True
LL5-B2B__2020-07-06_SPD__AgedB6-1282,True,True
LL5-B2B__2020-07-06_SPD__AgedB6-1283,True,True
LL5-B2B__2020-07-06_SPD__AgedB6-1284,True,True
LL5-B2B__2020-07-06_SPD__AgedB6-1285,True,True
LL5-B2B__2020-07-07_SPD__AgedB6-0840,True,True
LL5-B2B__2020-07-07_SPD__AgedB6-0847,True,True
LL5-B2B__2020-07-07_SPD__AgedB6-0848,True,True
LL5-B6__2021-06-01_SPD__AgedB6-1433,True,True
LL5-B6__2021-06-01_SPD__AgedB6-1436,True,True
LL5-B6__2021-06-01_SPD__AgedB6-1438,True,True
LL5-B6__2021-06-01_SPD__AgedB6-1826,True,True
LL5-B6__2021-06-02_SPD__AgedB6-1427,True,False
LL5-B6__2021-06-02_SPD__AgedB6-2056,True,False
LL5-B6__2021-06-02_SPD__AgedB6-2057,True,True
LL5-B6__2021-06-02_SPD__AgedB6-2136,True,True
LL5-B6__2021-06-02_SPD__AgedB6-2166,True,True
LL5-B6__2021-06-02_SPD__AgedB6-2167,True,True
LL5-B6__2021-06-07_SPD__AgedB6-1462,True,True
LL5-B6__2021-06-07_SPD__AgedB6-1466,True,True
LL5-B6__2021-06-08_SPD__AgedB6-2164,True,True
LL5-B6__2021-06-08_SPD__AgedB6-2165,True,True
LL5-B6__2021-06-08_SPD__AgedB6-2210,True,True
LL5-B6__2021-06-08_SPD__AgedB6-2211,True,True
LL5-B6__2021-06-08_SPD__AgedB6-2212,True,True
LL5-B6__2021-06-08_SPD__AgedB6-2253,True,True
LL5-B6__2021-06-08_SPD__AgedB6-2279,True,True
LL5-B6__2021-06-08_SPD__AgedB6-2280,True,True
LL5-B6__2021-06-08_SPD__AgedB6-2281,True,True
LL5-B6__2021-06-08_SPD__AgedB6-2282,True,True
LL5-B6__2021-06-09_SPD__AgedB6-0856,True,True
LL5-B6__2021-06-14_SPD__AgedB6-2060,True,True
LL5-B6__2021-06-14_SPD__AgedB6-2061,True,True
LL5-B6__2021-06-14_SPD__AgedB6-2062,True,True
LL5-B6__2021-06-15_SPD__AgedB6-2268,True,True
LL5-B6__2021-06-17_SPD__AgedB6-2044,True,True
LL5-B6__2021-06-17_SPD__AgedB6-2045,True,True
LL5-B6__2021-06-17_SPD__AgedB6-2046,True,True
LL5-B6__2022-04-29_MFS__DO2100_DO_F_8958,True,True
LL5-B6__2022-04-29_MFS__DO2102_DO_F_8959,True,True
LL5-B6__2022-05-06_MFS__DO2013_DO_F_8931,True,True
LL5-B6__2022-05-06_MFS__DO2040_DO_F_8949,True,True
LL5-B6__2022-05-13_MFS__DO2140_DO_F_8990,True,True
LL5-B6__2022-05-13_MFS__DO2141_DO_F_8991,True,True
LL5-B6__2022-05-13_MFS__DO2142_DO_F_8992,True,True
LL5-B6__2022-05-13_MFS__DO2143_DO_F_8993,True,True
LL5-B6__2022-05-20_MFS__DO2134_DO_F_8986,True,True
LL5-B6__2022-05-20_MFS__DO2137_DO_F_8987,True,True
LL5-B6__2022-05-20_MFS__DO2138_DO_F_8988,True,True
LL5-B6__2022-06-22_MFS__DO2107_DO_F_8964,True,True
LL5-B6__2022-06-22_MFS__DO2108_DO_F_8965,True,True
LL5-B6__2022-06-22_MFS__DO2109_DO_F_8966,True,True
LL5-B6__2022-06-22_MFS__DO2110_DO_F_8967,True,True
LL5-B6__2023-07-06_MFS__DO2348_DO_M_25063,True,True
LL5-B6__2023-07-06_MFS__DO2349_DO_M_25064,True,True
LL5-B6__2023-07-06_MFS__DO2350_DO_M_25065,True,True
LL5-B6__2023-07-06_MFS__DO2351_DO_M_25066,True,True
LL5-B6__2023-07-10_MFS__DO2307_DO_F_25111,True,True
LL5-B6__2023-07-10_MFS__DO2308_DO_F_25112,True,True
LL5-B6__2023-07-10_MFS__DO2310_DO_F_25114,True,True
LL5-B6__2023-07-10_MFS__DO2311_DO_F_25115,True,True
LL6-B2B__2019-09-04_SPD__LL6-1_AgedB6-0475,True,True
LL6-B2B__2019-09-04_SPD__LL6-3_AgedB6-0482,True,True
LL6-B2B__2019-09-04_SPD__LL6-4_AgedB6-0483,True,True
LL6-B2B__2019-09-04_SPD__LL6-4_AgedB6-0484,True,True
LL6-B2B__2019-12-23_SPD__LL6-1_AgedB6-0431,True,True
LL6-B2B__2019-12-23_SPD__LL6-1_AgedB6-0459,True,True
LL6-B2B__2019-12-23_SPD__LL6-2_AgedB6-0432,True,False
LL6-B2B__2019-12-23_SPD__LL6-2_AgedB6-0460,True,True
LL6-B2B__2019-12-23_SPD__LL6-3_AgedB6-0433,True,True
LL6-B2B__2019-12-24_SPD__LL6-1_AgedB6-0421,True,True
LL6-B2B__2019-12-24_SPD__LL6-2_AgedB6-0263,True,True
LL6-B2B__2019-12-24_SPD__LL6-3_AgedB6-0264,True,True
LL6-B2B__2019-12-24_SPD__LL6-4_AgedB6-0243,True,True
LL6-B2B__2020-01-02_SPD__LL6-2_AgedB6-0741,True,True
LL6-B2B__2020-01-02_SPD__LL6-3_AgedB6-0742,True,True
LL6-B2B__2020-01-02_SPD__LL6-4_AgedB6-0743,True,True
LL6-B2B__2020-01-03_SPD__LL6-1_AgedB6-0840,True,True
LL6-B2B__2020-01-03_SPD__LL6-2_AgedB6-0841,True,True
LL6-B2B__2020-01-03_SPD__LL6-3_AgedB6-0847,True,True
LL6-B2B__2020-01-03_SPD__LL6-4_AgedB6-0848,True,True
LL6-B2B__2020-01-16_SPD__LL6-2_AgedB6-0924,True,True
LL6-B2B__2020-01-16_SPD__LL6-3_AgedB6-0925,True,True
LL6-B2B__2020-01-16_SPD__LL6-4_AgedB6-0926,True,True
LL6-B2B__2020-01-17_SPD__LL6-1_AgedB6-0930,True,True
LL6-B2B__2020-01-17_SPD__LL6-1_AgedB6-0947,True,True
LL6-B2B__2020-01-17_SPD__LL6-2_AgedB6-0931,True,True
LL6-B2B__2020-01-17_SPD__LL6-2_AgedB6-0949,True,True
LL6-B2B__2020-01-17_SPD__LL6-3_AgedB6-0933,True,True
LL6-B2B__2020-01-17_SPD__LL6-3_AgedB6-0950,True,True
LL6-B2B__2020-01-17_SPD__LL6-4_AgedB6-0935,True,True
LL6-B2B__2020-01-17_SPD__LL6-4_AgedB6-0951,True,True
LL6-B2B__2020-06-15_SPD__AgedB6-1291,True,True
LL6-B2B__2020-06-15_SPD__AgedB6-1292,True,True
LL6-B2B__2020-06-15_SPD__AgedB6-1297,True,True
LL6-B2B__2020-06-15_SPD__AgedB6-1298,True,True
LL6-B2B__2020-06-16_SPD__AgedB6-1039,True,True
LL6-B2B__2020-06-16_SPD__AgedB6-1040,True,True
LL6-B2B__2020-06-16_SPD__AgedB6-1041,True,True
LL6-B2B__2020-06-16_SPD__AgedB6-1042,True,True
LL6-B2B__2020-06-16_SPD__AgedB6-1139,True,True
LL6-B2B__2020-06-17_SPD__AgedB6-0386,True,True
LL6-B2B__2020-06-17_SPD__AgedB6-0388,True,True
LL6-B2B__2020-06-17_SPD__AgedB6-1045,True,True
LL6-B2B__2020-06-17_SPD__AgedB6-1046,True,True
LL6-B2B__2020-06-17_SPD__AgedB6-1047,True,True
LL6-B2B__2020-06-17_SPD__AgedB6-1048,True,True
LL6-B2B__2020-06-17_SPD__AgedB6-1296,True,True
LL6-B2B__2020-06-25_SPD__AgedB6-1104,True,True
LL6-B2B__2020-06-25_SPD__AgedB6-1200,True,True
LL6-B2B__2020-06-25_SPD__AgedB6-1202,True,True
LL6-B2B__2020-06-25_SPD__AgedB6-1203,True,True
LL6-B2B__2020-06-26_SPD__AgedB6-1234,True,True
LL6-B2B__2020-06-26_SPD__AgedB6-1244,True,True
LL6-B2B__2020-06-26_SPD__AgedB6-1245,True,True
LL6-B2B__2020-06-26_SPD__AgedB6-1273,True,True
LL6-B2B__2020-06-26_SPD__AgedB6-1274,True,True
LL6-B2B__2020-06-26_SPD__AgedB6-1277,True,True
LL6-B2B__2020-07-06_SPD__AgedB6-0680,True,True
LL6-B2B__2020-07-06_SPD__AgedB6-0681,True,True
LL6-B2B__2020-07-06_SPD__AgedB6-0682,True,True
LL6-B2B__2020-07-06_SPD__AgedB6-0683,True,True
LL6-B2B__2020-07-06_SPD__AgedB6-0950,True,True
LL6-B2B__2020-07-06_SPD__AgedB6-0952,True,True
LL6-B2B__2020-07-06_SPD__AgedB6-1053,True,True
LL6-B2B__2020-07-06_SPD__AgedB6-1054,True,True
LL6-B2B__2020-07-06_SPD__AgedB6-1055,True,True
LL6-B2B__2020-07-07_SPD__AgedB6-0427,True,True
LL6-B2B__2020-07-07_SPD__AgedB6-0458,True,True
LL6-B2B__2020-07-07_SPD__AgedB6-0459,True,True
LL6-B2B__2020-07-07_SPD__AgedB6-0460,True,True
LL6-B2B__2020-07-07_SPD__AgedB6-0852,True,True
LL6-B2B__2020-07-07_SPD__AgedB6-0853,True,True
LL6-B2B__2020-07-07_SPD__AgedB6-0854,True,True
LL6-B2B__2020-07-07_SPD__AgedB6-0855,True,True
LL6-B6%202023-07-10_MFS%20DO2312_DO_F_25116,True,True
LL6-B6__2021-06-15_SPD__AgedB6-2265,True,True
LL6-B6__2021-06-15_SPD__AgedB6-2266,True,True
LL6-B6__2021-06-15_SPD__AgedB6-2267,True,True
LL6-B6__2021-06-17_SPD__AgedB6-2048,True,True
LL6-B6__2021-06-17_SPD__AgedB6-2049,True,True
LL6-B6__2022-04-29_MFS__DO2103_DO_F_8960,True,True
LL6-B6__2022-04-29_MFS__DO2104_DO_F_8961,True,True
LL6-B6__2022-04-29_MFS__DO2105_DO_F_8962,True,True
LL6-B6__2022-04-29_MFS__DO2106_DO_F_8963,True,True
LL6-B6__2022-05-13_MFS__DO2144_DO_F_8994,True,True
LL6-B6__2022-06-22_MFS__DO2111_DO_F_8968,True,True
LL6-B6__2022-06-22_MFS__DO2112_DO_F_8969,True,True
LL6-B6__2022-06-22_MFS__DO2113_DO_F_8970,True,True
LL6-B6__2023-07-06_MFS__DO2352_DO_M_25067,True,True
LL6-B6__2023-07-06_MFS__DO2353_DO_M_25068,True,True
LL6-B6__2023-07-06_MFS__DO2354_DO_M_25069,True,True
LL6-B6__2023-07-06_MFS__DO2355_DO_M_25070,True,True
LL6-B6__2023-07-10_MFS__DO2313_DO_F_25117,True,True
NV14-B7B8__2019-12-23__DO-20-1029,True,True
NV14-B7B8__2019-12-23__DO-40-2028,True,True
NV14-B7B8__2019-12-24__DO-20-1054,True,True
NV14-B7B8__2019-12-24__DO-2D-4062,True,True
NV14-B7B8__2019-12-24__DO-40-2050,True,True
NV14-B7B8__2019-12-24__DO-40-2059,True,True
NV14-B7B8__2019-12-30__DO-1D-3104,True,True
NV14-B7B8__2019-12-30__DO-1D-3111,True,True
NV14-B7B8__2019-12-30__DO-20-1109,True,True
NV14-B7B8__2019-12-30__DO-2D-4097,True,True
NV14-B7B8__2019-12-30__DO-AL-0097,True,True
NV14-B7B8__2020-01-02__DO-20-1101,True,True
NV14-B7B8__2020-01-02__DO-40-2097,True,True
NV14-B7B8__2020-01-02__DO-40-2111,True,True
NV14-B7B8__2020-01-03__DO-40-2101,True,True
NV14-B7B8__2020-01-06__DO-1D-3161,True,True
NV14-B7B8__2020-01-06__DO-1D-3164,True,True
NV14-B7B8__2020-01-06__DO-2D-4162,True,True
NV14-B7B8__2020-01-06__DO-2D-4165,True,True
NV14-B7B8__2020-01-06__DO-2D-4168,True,True
NV14-B7B8__2020-01-06__DO-2D-4172,True,True
NV14-B7B8__2020-01-07__DO-1D-3169,True,True
NV14-B7B8__2020-01-07__DO-1D-3171,True,True
NV14-B7B8__2020-01-07__DO-1D-3175,True,True
NV14-B7B8__2020-01-07__DO-40-2162,True,True
NV14-B7B8__2020-01-07__DO-40-2167,True,True
NV14-B7B8__2020-01-07__DO-40-2172,True,True
NV14-B7B8__2020-01-07__DO-40-2175,True,True
NV14-B7B8__2020-01-08__DO-20-1161,True,True
NV14-B7B8__2020-01-08__DO-20-1165,True,True
NV14-B7B8__2020-01-08__DO-20-1170,True,True
NV14-B7B8__2020-01-08__DO-20-1173,True,True
NV14-B7B8__2020-01-08__DO-20-1175,True,True
NV14-B7B8__2020-01-08__DO-AL-0172,True,True
NV14-B7B8__2020-01-08__DO-AL-0175,True,True
NV14-B7B8__2020-01-13__DO-AL-0161,True,True
NV14-B7B8__2020-01-13__DO-AL-0163,True,True
NV14-B7B8__2020-01-20__DO-20-1065,True,True
NV14-B7B8__2020-01-20__DO-20-1069,True,True
NV14-B7B8__2020-01-20__DO-20-1074,True,True
NV14-B7B8__2020-01-21__DO-40-2070,True,True
NV14-B7B8__2020-01-21__DO-40-2077,True,True
NV14-B7B8__2020-01-27__DO-1D-3084,True,True
NV14-B7B8__2020-01-27__DO-2D-4083,True,True
NV14-B7B8__2020-01-27__DO-40-2081,True,True
NV14-B7B8__2020-01-27__DO-40-2088,True,True
NV14-B7B8__2020-01-28__DO-20-1122,True,True
NV14-B7B8__2020-01-28__DO-20-1124,True,True
NV14-B7B8__2020-01-28__DO-AL-0017,True,True
NV14-B7B8__2020-01-28__DO-AL-0119,True,True
NV14-B7B8__2020-01-28__DO-AL-0128,True,True
NV14-B7B8__2020-01-29__DO-40-2113,True,True
NV14-B7B8__2020-01-29__DO-40-2115,True,True
NV14-B7B8__2020-01-29__DO-40-2117,True,True
NV14-B7B8__2020-01-29__DO-40-2123,True,True
NV14-B7B8__2020-01-29__DO-40-2125,True,True
NV14-B7B8__2020-02-03__DO-1D-3116,True,True
NV14-B7B8__2020-02-03__DO-1D-3124,True,True
NV14-B7B8__2020-02-03__DO-20-1128,True,True
NV14-B7B8__2020-02-03__DO-2D-4114,True,True
NV14-B7B8__2020-02-03__DO-2D-4122,True,True
NV14-B7B8__2020-02-04__DO-20-1179,True,True
NV14-B7B8__2020-02-04__DO-AL-0179,True,True
NV14-B7B8__2020-02-04__DO-AL-0185,True,True
NV14-B7B8__2020-02-05__DO-40-2178,True,True
NV14-B7B8__2020-02-05__DO-40-2181,True,True
NV14-B7B8__2020-02-05__DO-40-2183,True,True
NV14-B7B8__2020-02-05__DO-40-2186,True,True
NV14-B7B8__2020-02-05__DO-40-2189,True,True
NV14-B7B8__2020-02-11__DO-1D-3177,True,True
NV14-B7B8__2020-02-11__DO-1D-3180,True,True
NV14-B7B8__2020-02-11__DO-20-1183,True,True
NV14-B7B8__2020-02-11__DO-20-1189,True,True
NV14-B7B8__2020-02-12__DO-1D-3185,True,True
NV14-B7B8__2020-02-12__DO-1D-3189,True,True
NV14-B7B8__2020-02-12__DO-2D-4177,True,True
NV14-B7B8__2020-02-12__DO-2D-4180,True,True
NV14-B7B8__2020-02-12__DO-2D-4186,True,True
NV14-B7B8__2020-02-12__DO-2D-4192,True,True
NV14-B7B8__2020-03-23__DO-20-1040,True,True
NV14-B7B8__2020-03-23__DO-20-1066,True,True
NV14-B7B8__2020-03-23__DO-20-1074,True,True
NV14-B7B8__2020-03-23__DO-40-2073,True,True
NV14-B7B8__2020-03-30__DO-20-1097,True,True
NV14-B7B8__2020-03-30__DO-20-1099,True,True
NV14-B7B8__2020-03-30__DO-40-2102,True,True
NV14-B7B8__2020-03-30__DO-40-2111,True,True
NV14-B7B8__2020-04-01__DO-40-2081,True,True
NV14-B7B8__2020-04-01__DO-40-2088,True,True
NV14-B7B8__2020-04-07__DO-40-2050,True,True
NV14-B7B8__2020-04-07__DO-40-2059,True,True
NV14-B7B8__2020-04-13__DO-20-1129,True,True
NV14-B7B8__2020-04-13__DO-20-1136,True,True
NV14-B7B8__2020-04-13__DO-40-2133,True,True
NV14-B7B8__2020-04-13__DO-AL-0141,True,True
NV14-B7B8__2020-04-14__DO-1D-3134,True,True
NV14-B7B8__2020-04-14__DO-1D-3139,True,True
NV14-B7B8__2020-04-14__DO-2D-4143,True,True
NV14-B7B8__2020-04-14__DO-40-2137,True,True
NV14-B7B8__2020-05-04__DO-20-1122,True,True
NV14-B7B8__2020-05-04__DO-20-1124,True,True
NV14-B7B8__2020-05-04__DO-2D-4113,True,True
NV14-B7B8__2020-05-04__DO-2D-4122,True,True
NV14-B7B8__2020-05-04__DO-AL-0118,True,True
NV14-B7B8__2020-05-05__DO-40-2115,True,True
NV14-B7B8__2020-05-05__DO-40-2117,True,True
NV14-B7B8__2020-05-05__DO-40-2123,True,True
NV14-B7B8__2020-05-05__DO-40-2126,True,True
NV14-B7B8__2020-05-11__DO-1D-3145,True,True
NV14-B7B8__2020-05-11__DO-20-1146,True,True
NV14-B7B8__2020-05-11__DO-20-1152,True,True
NV14-B7B8__2020-05-11__DO-20-1157,True,True
NV14-B7B8__2020-05-11__DO-AL-0157,True,True
NV14-B7B8__2020-05-12__DO-2D-4145,True,True
NV14-B7B8__2020-05-12__DO-2D-4149,True,True
NV14-B7B8__2020-05-12__DO-40-2145,True,True
NV14-B7B8__2020-05-12__DO-40-2149,True,True
NV14-B7B8__2020-05-12__DO-40-2151,True,True
NV14-B7B8__2020-05-13__DO-40-2153,True,True
NV14-B7B8__2020-05-13__DO-40-2157,True,True
NV14-B7B8__2020-05-13__DO-40-2159,True,True
NV14-B7B8__2020-07-06__DO-20-1168,True,True
NV14-B7B8__2020-07-06__DO-40-2162,True,True
NV14-B7B8__2020-07-06__DO-40-2167,True,True
NV14-B7B8__2020-07-06__DO-AL-0172,True,True
NV14-B7B8__2020-07-07__DO-1D-3163,True,True
NV14-B7B8__2020-07-07__DO-1D-3169,True,True
NV14-B7B8__2020-07-07__DO-40-2172,True,True
NV14-B7B8__2020-07-07__DO-40-2175,True,True
NV14-B7B8__2020-07-08__DO-2D-4162,True,True
NV14-B7B8__2020-07-08__DO-2D-4167,True,True
NV14-B7B8__2020-07-08__DO-2D-4171,True,True
NV14-B7B8__2020-07-08__DO-2D-4174,True,True
NV14-B7B8__2020-07-09__DO-20-1097,True,True
NV14-B7B8__2020-07-09__DO-20-1109,True,True
NV14-B7B8__2020-07-09__DO-40-2101,True,True
NV14-B7B8__2020-07-09__DO-40-2111,True,True
NV14-B7B8__2020-07-10__DO-1D-3134,True,True
NV14-B7B8__2020-07-10__DO-20-1136,True,True
NV14-B7B8__2020-07-10__DO-40-2137,True,True
NV14-B7B8__2020-07-10__DO-AL-0141,True,True
NV14-B7B8__2020-07-21__DO-40-2070,True,True
NV14-B7B8__2020-07-28__DO-20-1179,True,True
NV14-B7B8__2020-07-28__DO-20-1186,True,True
NV14-B7B8__2020-07-28__DO-20-1189,True,True
NV14-B7B8__2020-07-28__DO-2D-4180,True,True
NV14-B7B8__2020-07-28__DO-AL-0180,True,True
NV14-B7B8__2020-07-29__DO-2D-4186,True,True
NV14-B7B8__2020-07-29__DO-2D-4192,True,True
NV14-B7B8__2020-07-29__DO-40-2178,True,True
NV14-B7B8__2020-07-29__DO-40-2181,True,True
NV14-B7B8__2020-07-29__DO-40-2183,True,True
NV14-B7B8__2020-07-30__DO-40-2088,True,True
NV14-B7B8__2020-07-30__DO-40-2186,True,True
NV14-B7B8__2020-07-30__DO-40-2192,True,True
NV14-B7B8__2020-08-05__DO-20-1151,True,True
NV14-B7B8__2020-08-05__DO-20-1156,True,True
NV14-B7B8__2020-08-05__DO-40-2145,True,True
NV14-B7B8__2020-08-05__DO-40-2149,True,True
NV14-B7B8__2020-08-05__DO-40-2151,True,True
NV14-B7B8__2020-08-06__DO-1D-3145,True,True
NV14-B7B8__2020-08-06__DO-40-2153,True,True
NV14-B7B8__2020-08-06__DO-40-2157,True,True
NV14-B7B8__2020-08-06__DO-40-2159,True,True
NV14-B7B8__2020-08-13__DO-20-1127,True,True
NV14-B7B8__2020-08-13__DO-40-2116,True,True
NV14-B7B8__2020-08-13__DO-40-2118,True,True
NV14-B7B8__2020-08-13__DO-AL-0118,True,True
NV14-B7B8__2020-09-21__DO-20-1101,True,True
NV14-B7B8__2020-09-21__DO-40-2099,True,True
NV14-B7B8__2020-09-21__DO-40-2111,True,True
NV14-B7B8__2020-09-28__DO-20-1168,True,True
NV14-B7B8__2020-09-29__DO-2D-4165,True,True
NV14-B7B8__2020-09-29__DO-2D-4171,True,True
NV14-B7B8__2020-09-29__DO-40-2172,True,True
NV14-B7B8__2020-10-14__DO-40-2115,True,True
NV14-B7B8__2020-10-14__DO-40-2118,True,True
NV14-B7B8__2020-10-14__DO-AL-0118,True,True
NV14-B7B8__2020-10-26__DO-20-1136,True,True
NV14-B7B8__2020-10-26__DO-20-1178,True,True
NV14-B7B8__2020-10-26__DO-20-1186,True,True
NV14-B7B8__2020-10-26__DO-20-1190,True,True
NV14-B7B8__2020-10-27__DO-40-2181,True,True
NV14-B7B8__2020-10-27__DO-40-2182,True,True
NV14-B7B8__2020-10-27__DO-40-2184,True,True
NV14-B7B8__2020-10-28__DO-40-2186,True,True
NV14-B7B8__2020-10-28__DO-40-2192,True,True
NV14-B7B8__2020-12-28__DO-20-1136,True,True
NV14-B7B8__2021-01-11__DO-2D-4171,True,True
NV14-B7B8__2021-01-18__DO-20-1136,True,False
NV14-B7B8__2021-01-18__DO-20-1151,True,True
NV14-B7B8__2021-01-18__DO-40-2146,True,True
NV14-B7B8__2021-01-18__DO-40-2156,True,True
NV14-B7B8__2021-01-25__DO-40-2099,True,True
NV14-B7B8__2021-01-25__DO-40-2115,True,True
NV14-B7B8__2021-01-25__DO-40-2118,True,True
NV14-B7B8__2021-02-03__DO-20-1186,True,True
NV14-B7B8__2021-02-03__DO-40-2187,True,True
NV14-B7B8__2021-02-04__DO-40-2179,True,True
NV14-B7B8__2021-02-04__DO-40-2183,True,True
NV15-B7B8__2019-12-23__DO-40-2024,True,True
NV15-B7B8__2019-12-24__DO-20-1056,True,True
NV15-B7B8__2019-12-24__DO-40-2056,True,True
NV15-B7B8__2019-12-24__DO-40-2061,True,True
NV15-B7B8__2019-12-30__DO-1D-3110,True,True
NV15-B7B8__2019-12-30__DO-1D-3112,True,True
NV15-B7B8__2019-12-30__DO-2D-4099,True,True
NV15-B7B8__2019-12-30__DO-AL-0102,True,True
NV15-B7B8__2020-01-02__DO-20-1097,True,False
NV15-B7B8__2020-01-02__DO-20-1098,True,False
NV15-B7B8__2020-01-02__DO-20-1100,True,False
NV15-B7B8__2020-01-02__DO-40-2099,True,True
NV15-B7B8__2020-01-02__DO-40-2107,True,False
NV15-B7B8__2020-01-02__DO-40-2108,True,True
NV15-B7B8__2020-01-03__DO-40-2102,True,True
NV15-B7B8__2020-01-06__DO-1D-3163,True,True
NV15-B7B8__2020-01-06__DO-1D-3168,True,True
NV15-B7B8__2020-01-06__DO-2D-4164,True,True
NV15-B7B8__2020-01-06__DO-2D-4167,True,True
NV15-B7B8__2020-01-06__DO-2D-4171,True,True
NV15-B7B8__2020-01-06__DO-2D-4174,True,True
NV15-B7B8__2020-01-07__DO-1D-3170,True,True
NV15-B7B8__2020-01-07__DO-1D-3174,True,True
NV15-B7B8__2020-01-07__DO-40-2164,True,True
NV15-B7B8__2020-01-07__DO-40-2168,True,True
NV15-B7B8__2020-01-07__DO-40-2171,True,True
NV15-B7B8__2020-01-07__DO-40-2174,True,True
NV15-B7B8__2020-01-07__DO-40-2176,True,True
NV15-B7B8__2020-01-08__DO-20-1164,True,True
NV15-B7B8__2020-01-08__DO-20-1168,True,True
NV15-B7B8__2020-01-08__DO-20-1171,True,True
NV15-B7B8__2020-01-08__DO-20-1174,True,True
NV15-B7B8__2020-01-08__DO-20-1176,True,True
NV15-B7B8__2020-01-08__DO-AL-0173,True,True
NV15-B7B8__2020-01-08__DO-AL-0176,True,True
NV15-B7B8__2020-01-13__DO-AL-0162,True,True
NV15-B7B8__2020-01-20__DO-20-1066,True,True
NV15-B7B8__2020-01-20__DO-20-1071,True,True
NV15-B7B8__2020-01-21__DO-40-2073,True,True
NV15-B7B8__2020-01-27__DO-1D-3092,True,True
NV15-B7B8__2020-01-27__DO-2D-4084,True,True
NV15-B7B8__2020-01-27__DO-40-2087,True,True
NV15-B7B8__2020-01-28__DO-20-1116,True,True
NV15-B7B8__2020-01-28__DO-20-1123,True,True
NV15-B7B8__2020-01-28__DO-20-1127,True,True
NV15-B7B8__2020-01-28__DO-AL-0125,True,True
NV15-B7B8__2020-01-29__DO-40-2114,True,True
NV15-B7B8__2020-01-29__DO-40-2116,True,True
NV15-B7B8__2020-01-29__DO-40-2118,True,True
NV15-B7B8__2020-01-29__DO-40-2124,True,True
NV15-B7B8__2020-01-29__DO-40-2126,True,True
NV15-B7B8__2020-02-03__DO-1D-3114,True,True
NV15-B7B8__2020-02-03__DO-1D-3123,True,True
NV15-B7B8__2020-02-03__DO-2D-4113,True,True
NV15-B7B8__2020-02-03__DO-2D-4119,True,True
NV15-B7B8__2020-02-03__DO-2D-4128,True,True
NV15-B7B8__2020-02-04__DO-20-1178,True,True
NV15-B7B8__2020-02-04__DO-AL-0180,True,True
NV15-B7B8__2020-02-04__DO-AL-0184,True,True
NV15-B7B8__2020-02-05__DO-40-2179,True,True
NV15-B7B8__2020-02-05__DO-40-2182,True,True
NV15-B7B8__2020-02-05__DO-40-2184,True,True
NV15-B7B8__2020-02-05__DO-40-2187,True,True
NV15-B7B8__2020-02-05__DO-40-2192,True,True
NV15-B7B8__2020-02-11__DO-1D-3178,True,True
NV15-B7B8__2020-02-11__DO-1D-3182,True,True
NV15-B7B8__2020-02-11__DO-20-1186,True,True
NV15-B7B8__2020-02-11__DO-20-1188,True,True
NV15-B7B8__2020-02-11__DO-20-1190,True,True
NV15-B7B8__2020-02-12__DO-1D-3188,True,True
NV15-B7B8__2020-02-12__DO-1D-3190,True,True
NV15-B7B8__2020-02-12__DO-20-1191,True,True
NV15-B7B8__2020-02-12__DO-2D-4178,True,True
NV15-B7B8__2020-02-12__DO-2D-4184,True,True
NV15-B7B8__2020-02-12__DO-2D-4190,True,True
NV15-B7B8__2020-03-23__DO-20-1069,True,True
NV15-B7B8__2020-03-23__DO-40-2070,True,True
NV15-B7B8__2020-03-23__DO-40-2077,True,True
NV15-B7B8__2020-03-30__DO-1D-3111,True,True
NV15-B7B8__2020-03-30__DO-20-1101,True,True
NV15-B7B8__2020-03-30__DO-40-2099,True,True
NV15-B7B8__2020-03-30__DO-40-2107,True,True
NV15-B7B8__2020-04-01__DO-40-2087,True,True
NV15-B7B8__2020-04-07__DO-40-2056,True,True
NV15-B7B8__2020-04-07__DO-40-2061,True,True
NV15-B7B8__2020-04-13__DO-20-1135,True,True
NV15-B7B8__2020-04-13__DO-40-2130,True,True
NV15-B7B8__2020-04-13__DO-40-2135,True,True
NV15-B7B8__2020-04-13__DO-AL-0143,True,True
NV15-B7B8__2020-04-14__DO-1D-3135,True,True
NV15-B7B8__2020-04-14__DO-2D-4132,True,True
NV15-B7B8__2020-04-14__DO-40-2141,True,True
NV15-B7B8__2020-05-04__DO-20-1123,True,True
NV15-B7B8__2020-05-04__DO-20-1127,True,True
NV15-B7B8__2020-05-04__DO-2D-4114,True,True
NV15-B7B8__2020-05-04__DO-AL-0125,True,True
NV15-B7B8__2020-05-05__DO-40-2116,True,True
NV15-B7B8__2020-05-05__DO-40-2118,True,True
NV15-B7B8__2020-05-05__DO-40-2124,True,True
NV15-B7B8__2020-05-05__DO-40-2125,True,True
NV15-B7B8__2020-05-11__DO-20-1151,True,True
NV15-B7B8__2020-05-11__DO-20-1156,True,True
NV15-B7B8__2020-05-11__DO-20-1158,True,True
NV15-B7B8__2020-05-11__DO-2D-4158,True,True
NV15-B7B8__2020-05-11__DO-AL-0158,True,True
NV15-B7B8__2020-05-12__DO-2D-4148,True,True
NV15-B7B8__2020-05-12__DO-2D-4151,True,True
NV15-B7B8__2020-05-12__DO-40-2146,True,True
NV15-B7B8__2020-05-12__DO-40-2150,True,True
NV15-B7B8__2020-05-12__DO-40-2152,True,True
NV15-B7B8__2020-05-13__DO-40-2156,True,True
NV15-B7B8__2020-05-13__DO-40-2158,True,True
NV15-B7B8__2020-05-13__DO-40-2160,True,True
NV15-B7B8__2020-07-06__DO-20-1170,True,True
NV15-B7B8__2020-07-06__DO-40-2164,True,True
NV15-B7B8__2020-07-06__DO-40-2168,True,True
NV15-B7B8__2020-07-06__DO-AL-0176,True,True
NV15-B7B8__2020-07-07__DO-1D-3168,True,True
NV15-B7B8__2020-07-07__DO-1D-3170,True,True
NV15-B7B8__2020-07-07__DO-40-2174,True,True
NV15-B7B8__2020-07-07__DO-40-2176,True,True
NV15-B7B8__2020-07-08__DO-2D-4165,True,True
NV15-B7B8__2020-07-08__DO-2D-4168,True,True
NV15-B7B8__2020-07-08__DO-2D-4172,True,True
NV15-B7B8__2020-07-09__DO-20-1101,True,True
NV15-B7B8__2020-07-09__DO-40-2099,True,True
NV15-B7B8__2020-07-09__DO-40-2107,True,True
NV15-B7B8__2020-07-10__DO-20-1129,True,True
NV15-B7B8__2020-07-10__DO-40-2135,True,True
NV15-B7B8__2020-07-10__DO-40-2141,True,True
NV15-B7B8__2020-07-28__DO-20-1178,True,True
NV15-B7B8__2020-07-28__DO-20-1183,True,True
NV15-B7B8__2020-07-28__DO-20-1187,True,False
NV15-B7B8__2020-07-28__DO-20-1190,True,True
NV15-B7B8__2020-07-28__DO-2D-4184,True,False
NV15-B7B8__2020-07-29__DO-1D-3188,True,True
NV15-B7B8__2020-07-29__DO-2D-4190,True,True
NV15-B7B8__2020-07-29__DO-40-2179,True,True
NV15-B7B8__2020-07-29__DO-40-2182,True,True
NV15-B7B8__2020-07-29__DO-40-2184,True,True
NV15-B7B8__2020-07-30__DO-40-2081,True,True
NV15-B7B8__2020-07-30__DO-40-2187,True,True
NV15-B7B8__2020-08-05__DO-20-1152,True,True
NV15-B7B8__2020-08-05__DO-20-1157,True,True
NV15-B7B8__2020-08-05__DO-40-2146,True,True
NV15-B7B8__2020-08-05__DO-40-2150,True,True
NV15-B7B8__2020-08-05__DO-40-2152,True,True
NV15-B7B8__2020-08-06__DO-40-2156,True,True
NV15-B7B8__2020-08-06__DO-40-2158,True,True
NV15-B7B8__2020-08-06__DO-40-2160,True,True
NV15-B7B8__2020-08-13__DO-20-1123,True,True
NV15-B7B8__2020-08-13__DO-40-2115,True,True
NV15-B7B8__2020-08-13__DO-40-2117,True,True
NV15-B7B8__2020-08-13__DO-40-2126,True,True
NV15-B7B8__2020-09-21__DO-40-2107,True,True
NV15-B7B8__2020-09-28__DO-20-1170,True,True
NV15-B7B8__2020-09-28__DO-40-2164,True,True
NV15-B7B8__2020-09-28__DO-40-2168,True,True
NV15-B7B8__2020-09-29__DO-2D-4167,True,True
NV15-B7B8__2020-09-29__DO-2D-4172,True,True
NV15-B7B8__2020-09-29__DO-40-2176,True,True
NV15-B7B8__2020-10-14__DO-40-2117,True,True
NV15-B7B8__2020-10-14__DO-40-2126,True,True
NV15-B7B8__2020-10-26__DO-20-1179,True,True
NV15-B7B8__2020-10-26__DO-20-1188,True,True
NV15-B7B8__2020-10-26__DO-2D-4186,True,True
NV15-B7B8__2020-10-26__DO-40-2141,True,True
NV15-B7B8__2020-10-27__DO-40-2181,True,False
NV15-B7B8__2020-10-27__DO-40-2183,True,True
NV15-B7B8__2020-10-28__DO-40-2187,True,True
NV15-B7B8__2020-12-28__DO-40-2141,True,True
NV15-B7B8__2021-01-11__DO-40-2164,True,True
NV15-B7B8__2021-01-11__DO-40-2168,True,True
NV15-B7B8__2021-01-18__DO-20-1152,True,True
NV15-B7B8__2021-01-18__DO-40-2141,True,False
NV15-B7B8__2021-01-18__DO-40-2153,True,True
NV15-B7B8__2021-01-18__DO-40-2159,True,True
NV15-B7B8__2021-01-25__DO-40-2107,True,True
NV15-B7B8__2021-01-25__DO-40-2117,True,True
NV15-B7B8__2021-01-25__DO-40-2126,True,True
NV15-B7B8__2021-02-03__DO-20-1188,True,True
NV15-B7B8__2021-02-03__DO-40-2192,True,True
NV15-B7B8__2021-02-04__DO-40-2181,True,False
NV15-B7B8__2021-02-04__DO-40-2184,True,False
